{
  "Load test 100 users 100 requests each - getAllTasks" : {
    "transaction" : "Load test 100 users 100 requests each - getAllTasks",
    "sampleCount" : 10000,
    "errorCount" : 0,
    "errorPct" : 0.0,
    "meanResTime" : 1199.2786000000067,
    "medianResTime" : 19.0,
    "minResTime" : 2.0,
    "maxResTime" : 69762.0,
    "pct1ResTime" : 36.0,
    "pct2ResTime" : 44.0,
    "pct3ResTime" : 69193.95,
    "throughput" : 35.247383762940196,
    "receivedKBytesPerSec" : 9.156058672795012,
    "sentKBytesPerSec" : 4.853399522045476
  },
  "Total" : {
    "transaction" : "Total",
    "sampleCount" : 10000,
    "errorCount" : 0,
    "errorPct" : 0.0,
    "meanResTime" : 1199.2786000000067,
    "medianResTime" : 19.0,
    "minResTime" : 2.0,
    "maxResTime" : 69762.0,
    "pct1ResTime" : 36.0,
    "pct2ResTime" : 44.0,
    "pct3ResTime" : 69193.95,
    "throughput" : 35.247383762940196,
    "receivedKBytesPerSec" : 9.156058672795012,
    "sentKBytesPerSec" : 4.853399522045476
  }
}